customerID,gender,SeniorCitizen,tenure,PhoneService,InternetService,MonthlyCharges,TotalCharges,Churn
CUST00001,Female,0,11,Yes,DSL,64.0,778.36,No
CUST00002,Male,0,6,Yes,No,73.14,478.43,Yes
CUST00003,Male,1,70,No,Fiber optic,73.43,5544.84,Yes
CUST00004,Male,0,51,Yes,No,81.15,4086.94,No
CUST00005,Male,0,4,Yes,DSL,100.39,399.31,Yes
CUST00006,Male,0,9,Yes,No,71.8,561.54,Yes
CUST00007,Female,0,12,No,DSL,91.2,1078.68,No
CUST00008,Male,0,13,Yes,No,34.52,,No
CUST00009,Female,0,3,No,Fiber optic,93.17,284.29,Yes
CUST00010,Male,0,48,No,No,51.42,2061.38,No
CUST00011,Male,0,0,Yes,Fiber optic,98.67,,Yes
CUST00012,Male,0,55,No,Fiber optic,63.38,3231.66,Yes
CUST00013,Female,1,37,No,DSL,84.52,3375.16,No
CUST00014,Male,1,55,Yes,Fiber optic,32.04,1954.62,No
CUST00015,Female,0,11,No,No,73.94,859.68,No
CUST00016,Male,0,17,No,DSL,86.29,1403.84,No
CUST00017,Male,0,0,No,DSL,95.97,,No
CUST00018,Female,0,5,Yes,Fiber optic,87.38,484.98,Yes
CUST00019,Male,0,60,Yes,Fiber optic,52.94,3483.77,Yes
CUST00020,Male,0,21,No,No,70.08,1519.2,No
CUST00021,Female,1,1,No,No,72.15,71.55,Yes
CUST00022,Female,0,58,No,Fiber optic,65.96,3698.6,No
CUST00023,Female,0,72,Yes,Fiber optic,76.62,5756.7,No
CUST00024,Male,1,35,Yes,DSL,90.9,3049.62,No
CUST00025,Female,0,63,Yes,Fiber optic,74.7,4428.83,No
CUST00026,Male,0,37,No,DSL,87.96,3380.53,No
CUST00027,Female,0,59,No,Fiber optic,87.59,5375.82,No
CUST00028,Female,0,66,Yes,DSL,79.59,,No
CUST00029,Male,0,0,Yes,Fiber optic,95.23,,No
CUST00030,Female,0,23,Yes,No,41.53,1116.54,No
CUST00031,Male,0,55,No,DSL,46.32,2731.91,No
CUST00032,Female,0,39,No,Fiber optic,44.92,2112.53,No
CUST00033,Male,0,3,Yes,Fiber optic,96.41,283.87,No
CUST00034,Female,0,30,No,DSL,32.7,741.5,No
CUST00035,Male,0,0,No,Fiber optic,108.97,,No
CUST00036,Male,0,9,No,DSL,103.0,926.69,Yes
CUST00037,Female,0,70,Yes,DSL,29.07,1338.9,No
CUST00038,Female,0,10,Yes,No,103.33,1070.72,No
CUST00039,Female,0,26,No,No,61.23,1762.68,No
CUST00040,Male,0,6,No,No,73.94,432.82,No
CUST00041,Female,0,7,No,DSL,94.98,724.57,No
CUST00042,Male,0,3,No,No,106.06,338.71,Yes
CUST00043,Male,0,12,No,Fiber optic,87.9,1154.41,No
CUST00044,Female,0,6,No,DSL,87.88,535.29,Yes
CUST00045,Female,0,17,No,No,76.24,1434.59,No
CUST00046,Male,0,5,Yes,DSL,92.49,437.6,No
CUST00047,Female,0,38,No,DSL,49.15,1599.92,No
CUST00048,Male,0,68,No,DSL,80.5,5659.09,No
CUST00049,Female,0,19,No,No,67.24,1397.76,No
CUST00050,Female,1,47,Yes,DSL,44.06,2427.94,Yes
CUST00051,Female,0,6,No,DSL,78.21,441.43,Yes
CUST00052,Female,1,6,Yes,DSL,66.18,436.12,No
CUST00053,Female,1,49,Yes,No,77.29,4023.95,Yes
CUST00054,Male,0,9,No,DSL,76.48,772.39,Yes
CUST00055,Female,0,49,No,Fiber optic,75.56,,No
CUST00056,Male,1,43,Yes,DSL,80.86,3286.69,No
CUST00057,Male,0,38,Yes,Fiber optic,61.68,2200.29,No
CUST00058,Female,0,55,No,DSL,66.84,3173.75,No
CUST00059,Male,0,0,No,No,89.24,,Yes
CUST00060,Male,0,59,No,Fiber optic,61.9,4116.44,No
CUST00061,Male,0,6,Yes,DSL,98.82,613.64,Yes
CUST00062,Female,1,0,No,No,107.8,,Yes
CUST00063,Male,0,11,No,DSL,100.36,1056.0,No
CUST00064,Female,1,17,No,Fiber optic,44.06,786.07,No
CUST00065,Female,0,2,Yes,DSL,88.09,189.52,Yes
CUST00066,Male,0,2,Yes,No,66.96,137.81,No
CUST00067,Female,0,5,Yes,No,95.26,496.09,Yes
CUST00068,Female,0,31,No,No,99.47,3377.52,No
CUST00069,Female,0,15,No,DSL,61.84,845.77,No
CUST00070,Male,0,3,No,DSL,94.49,287.22,Yes
CUST00071,Male,0,4,Yes,DSL,82.71,324.42,Yes
CUST00072,Male,0,37,Yes,No,91.98,3696.32,No
CUST00073,Male,0,10,No,Fiber optic,63.5,728.27,Yes
CUST00074,Female,0,50,Yes,DSL,39.29,1887.66,No
CUST00075,Male,0,7,No,DSL,66.6,510.3,No
CUST00076,Female,0,12,No,DSL,66.44,803.7,No
CUST00077,Female,0,60,No,DSL,41.1,3053.56,No
CUST00078,Female,1,12,No,DSL,84.32,937.14,No
CUST00079,Female,1,20,Yes,Fiber optic,37.92,792.08,Yes
CUST00080,Male,0,9,Yes,Fiber optic,76.54,662.63,No
CUST00081,Female,0,6,Yes,Fiber optic,88.23,538.81,No
CUST00082,Female,1,31,No,No,24.97,775.58,No
CUST00083,Male,0,35,No,Fiber optic,60.11,1761.09,Yes
CUST00084,Male,0,17,Yes,Fiber optic,93.81,1522.33,No
CUST00085,Male,0,12,No,DSL,98.22,1130.03,No
CUST00086,Male,0,3,No,No,94.62,275.86,Yes
CUST00087,Female,0,41,Yes,Fiber optic,89.03,3881.24,No
CUST00088,Male,1,57,Yes,DSL,58.13,3541.57,Yes
CUST00089,Female,0,72,Yes,No,94.03,6865.82,No
CUST00090,Male,0,64,No,DSL,29.3,1789.77,No
CUST00091,Male,1,52,Yes,DSL,38.46,2033.7,Yes
CUST00092,Female,0,5,No,Fiber optic,93.87,435.94,Yes
CUST00093,Female,0,15,Yes,Fiber optic,39.1,621.69,No
CUST00094,Female,0,1,No,DSL,92.67,91.5,No
CUST00095,Female,0,6,Yes,DSL,96.27,551.7,No
CUST00096,Male,0,10,Yes,No,87.43,784.26,Yes
CUST00097,Female,0,38,No,DSL,23.38,638.08,No
CUST00098,Female,0,53,Yes,Fiber optic,45.34,1933.13,Yes
CUST00099,Female,0,2,No,Fiber optic,81.27,177.59,Yes
CUST00100,Male,1,8,Yes,DSL,108.66,874.23,Yes
CUST00101,Female,0,10,Yes,No,67.49,722.45,No
CUST00102,Male,0,7,No,No,106.37,787.07,Yes
CUST00103,Male,0,2,Yes,Fiber optic,81.77,168.61,Yes
CUST00104,Female,0,60,No,DSL,99.63,5482.78,No
CUST00105,Female,0,57,No,Fiber optic,25.53,2010.86,No
CUST00106,Female,0,40,Yes,DSL,29.75,966.65,No
CUST00107,Female,0,65,Yes,Fiber optic,29.31,,No
CUST00108,Female,0,71,No,DSL,42.8,3137.94,No
CUST00109,Female,0,21,Yes,No,88.67,1982.59,No
CUST00110,Male,1,56,Yes,Fiber optic,93.17,4809.79,No
CUST00111,Female,0,8,Yes,DSL,78.28,612.99,Yes
CUST00112,Male,0,23,No,Fiber optic,79.5,1929.09,No
CUST00113,Female,0,66,No,Fiber optic,46.12,2384.96,No
CUST00114,Female,1,3,Yes,Fiber optic,103.97,297.08,No
CUST00115,Male,0,42,No,No,92.37,4046.56,No
CUST00116,Female,0,62,Yes,Fiber optic,31.27,1668.24,Yes
CUST00117,Female,0,36,Yes,No,91.58,3266.06,No
CUST00118,Male,0,71,Yes,No,54.6,3456.11,No
CUST00119,Male,0,4,No,Fiber optic,65.65,260.46,Yes
CUST00120,Male,1,26,No,Fiber optic,83.67,2192.12,No
CUST00121,Male,1,35,No,Fiber optic,98.1,3746.55,No
CUST00122,Male,0,10,Yes,DSL,72.84,670.31,No
CUST00123,Female,0,18,Yes,DSL,83.94,1385.47,No
CUST00124,Female,0,48,No,Fiber optic,73.4,3618.85,No
CUST00125,Male,1,9,Yes,No,68.75,698.01,No
CUST00126,Male,0,21,Yes,No,36.96,825.58,No
CUST00127,Male,0,6,Yes,DSL,80.08,438.9,No
CUST00128,Female,0,5,No,DSL,77.62,361.24,No
CUST00129,Female,1,9,No,DSL,61.67,617.61,No
CUST00130,Male,0,61,No,No,30.96,2239.53,No
CUST00131,Male,0,53,No,No,93.87,4499.21,No
CUST00132,Male,0,22,No,DSL,65.12,1500.62,No
CUST00133,Male,1,58,No,DSL,32.13,1853.39,No
CUST00134,Female,0,1,No,DSL,83.45,74.87,No
CUST00135,Female,0,53,No,No,58.28,2953.57,No
CUST00136,Female,0,1,No,DSL,88.57,95.48,No
CUST00137,Female,0,36,Yes,DSL,45.99,1989.96,No
CUST00138,Female,0,52,No,DSL,98.57,5035.66,No
CUST00139,Female,0,71,No,Fiber optic,62.43,4043.28,No
CUST00140,Female,0,1,Yes,Fiber optic,91.78,85.34,No
CUST00141,Male,1,18,Yes,Fiber optic,84.75,1351.49,No
CUST00142,Male,1,2,No,Fiber optic,101.37,184.11,Yes
CUST00143,Female,0,9,No,DSL,74.02,718.34,Yes
CUST00144,Female,0,5,Yes,No,87.22,401.07,No
CUST00145,Male,0,66,No,DSL,86.86,6057.82,No
CUST00146,Female,0,9,Yes,No,84.92,828.08,Yes
CUST00147,Male,1,27,No,No,74.36,1807.38,No
CUST00148,Female,0,28,Yes,Fiber optic,46.09,1085.59,No
CUST00149,Male,0,24,No,DSL,22.15,,No
CUST00150,Female,0,43,Yes,DSL,44.9,2208.5,No
CUST00151,Male,0,10,No,DSL,71.81,813.9,No
CUST00152,Female,0,9,Yes,Fiber optic,104.62,851.61,No
CUST00153,Female,0,32,Yes,DSL,95.13,2867.68,No
CUST00154,Female,0,62,No,Fiber optic,62.82,4223.92,No
CUST00155,Female,0,57,Yes,DSL,26.35,1758.8,No
CUST00156,Female,0,36,No,DSL,60.92,2246.54,No
CUST00157,Male,0,58,Yes,DSL,82.47,4611.09,No
CUST00158,Male,0,40,Yes,No,87.9,3753.17,No
CUST00159,Female,0,59,No,DSL,45.71,2518.95,No
CUST00160,Female,0,5,Yes,DSL,87.45,460.72,Yes
CUST00161,Female,0,11,Yes,No,75.3,902.92,No
CUST00162,Female,1,38,Yes,Fiber optic,66.52,2552.67,No
CUST00163,Female,0,12,Yes,Fiber optic,22.54,288.97,No
CUST00164,Female,0,43,No,No,22.43,651.55,No
CUST00165,Male,0,6,No,DSL,76.02,399.19,No
CUST00166,Female,0,12,Yes,DSL,84.54,919.02,No
CUST00167,Male,0,48,No,DSL,77.2,3652.09,No
CUST00168,Male,0,71,Yes,DSL,91.81,6612.9,No
CUST00169,Male,0,60,No,DSL,64.54,4304.14,No
CUST00170,Female,0,7,No,Fiber optic,95.86,671.16,Yes
CUST00171,Male,0,39,No,Fiber optic,89.08,,No
CUST00172,Male,0,32,Yes,No,95.87,3182.72,No
CUST00173,Male,0,24,Yes,Fiber optic,71.51,1846.29,No
CUST00174,Male,0,36,No,No,89.08,3013.17,No
CUST00175,Female,0,5,Yes,Fiber optic,109.26,506.98,Yes
CUST00176,Male,0,6,Yes,DSL,73.45,395.68,Yes
CUST00177,Male,1,61,No,Fiber optic,48.4,3079.72,No
CUST00178,Male,0,29,No,Fiber optic,98.9,2579.73,Yes
CUST00179,Female,1,7,No,No,75.69,531.48,No
CUST00180,Male,0,3,No,No,103.24,285.56,Yes
CUST00181,Female,0,22,No,DSL,54.69,,No
CUST00182,Male,0,8,No,No,61.49,423.77,No
CUST00183,Female,0,42,No,No,70.03,3021.11,No
CUST00184,Male,0,72,Yes,DSL,30.13,1913.08,No
CUST00185,Female,1,16,No,DSL,27.72,518.47,No
CUST00186,Female,0,10,Yes,Fiber optic,60.94,602.53,No
CUST00187,Male,0,11,Yes,Fiber optic,82.38,856.53,No
CUST00188,Female,0,5,Yes,DSL,107.93,587.3,Yes
CUST00189,Female,0,13,No,Fiber optic,35.15,585.42,No
CUST00190,Male,0,7,No,DSL,86.78,613.05,No
CUST00191,Female,0,32,No,DSL,70.52,2266.34,No
CUST00192,Female,1,50,No,No,23.37,1362.88,No
CUST00193,Male,1,7,No,Fiber optic,66.85,435.38,No
CUST00194,Male,0,10,Yes,DSL,102.44,1092.27,Yes
CUST00195,Male,0,44,Yes,Fiber optic,79.94,3243.93,No
CUST00196,Female,0,72,Yes,No,86.57,6275.41,No
CUST00197,Male,1,13,Yes,Fiber optic,66.09,778.5,No
CUST00198,Male,1,39,No,Fiber optic,80.0,2935.0,Yes
CUST00199,Male,0,57,Yes,Fiber optic,30.2,1619.29,Yes
CUST00200,Male,0,29,No,No,43.19,1506.06,No
CUST00201,Female,0,2,Yes,Fiber optic,87.04,178.96,Yes
CUST00202,Male,0,27,Yes,DSL,22.65,553.54,No
CUST00203,Female,1,57,Yes,No,55.05,3518.79,Yes
CUST00204,Male,0,47,No,Fiber optic,35.8,,Yes
CUST00205,Female,0,5,Yes,DSL,108.71,,Yes
CUST00206,Female,1,54,Yes,DSL,68.01,4018.57,No
CUST00207,Male,0,57,Yes,DSL,86.27,4393.79,No
CUST00208,Female,0,23,Yes,No,98.03,2220.97,No
CUST00209,Male,1,40,No,DSL,99.52,3780.65,No
CUST00210,Male,0,27,No,Fiber optic,67.45,1816.7,No
CUST00211,Male,0,11,No,Fiber optic,70.36,701.27,Yes
CUST00212,Female,0,13,Yes,Fiber optic,23.49,252.65,No
CUST00213,Male,0,55,No,Fiber optic,72.31,3748.49,Yes
CUST00214,Female,0,11,No,DSL,64.42,723.49,No
CUST00215,Male,1,38,Yes,DSL,22.14,1042.71,Yes
CUST00216,Female,0,12,No,No,93.59,1196.92,No
CUST00217,Male,0,47,No,Fiber optic,38.05,1599.21,Yes
CUST00218,Female,1,29,No,Fiber optic,65.5,1999.02,Yes
CUST00219,Male,0,2,Yes,Fiber optic,108.82,220.43,Yes
CUST00220,Male,0,11,No,Fiber optic,61.16,682.79,No
CUST00221,Female,0,62,Yes,No,93.38,5227.77,No
CUST00222,Male,0,52,No,Fiber optic,62.9,2787.95,No
CUST00223,Female,1,38,Yes,Fiber optic,53.23,2031.97,Yes
CUST00224,Male,1,21,Yes,DSL,75.06,1581.13,Yes
CUST00225,Female,0,53,Yes,Fiber optic,61.45,2793.78,No
CUST00226,Male,0,6,No,No,97.34,612.59,Yes
CUST00227,Male,0,59,Yes,DSL,54.64,,No
CUST00228,Male,0,38,No,DSL,89.32,,No
CUST00229,Female,1,8,Yes,DSL,70.17,487.63,Yes
CUST00230,Female,0,1,No,DSL,85.81,87.95,Yes
CUST00231,Female,0,54,No,Fiber optic,82.27,4481.99,No
CUST00232,Male,0,2,No,DSL,67.01,119.33,No
CUST00233,Male,0,37,Yes,DSL,32.92,1571.25,No
CUST00234,Female,0,64,Yes,No,50.42,2981.42,No
CUST00235,Male,0,0,Yes,DSL,93.4,,Yes
CUST00236,Female,0,31,Yes,DSL,43.09,1090.47,No
CUST00237,Male,0,0,Yes,No,93.8,,Yes
CUST00238,Female,0,20,Yes,DSL,52.78,1193.59,No
CUST00239,Female,0,5,Yes,Fiber optic,84.65,462.79,Yes
CUST00240,Male,1,6,No,DSL,88.71,567.66,Yes
CUST00241,Male,0,16,Yes,Fiber optic,91.89,1515.0,No
CUST00242,Male,1,32,No,DSL,92.29,3120.18,Yes
CUST00243,Male,1,40,Yes,Fiber optic,97.14,3507.21,No
CUST00244,Female,0,42,No,DSL,75.29,2817.25,No
CUST00245,Female,0,61,No,Fiber optic,70.22,4404.92,No
CUST00246,Female,0,65,Yes,Fiber optic,52.2,3544.31,No
CUST00247,Male,0,53,No,DSL,52.16,2801.89,No
CUST00248,Female,1,48,No,DSL,94.64,4219.83,No
CUST00249,Male,1,5,No,No,77.08,347.39,Yes
CUST00250,Female,0,12,Yes,DSL,20.3,,No
CUST00251,Female,0,40,No,DSL,70.34,2912.66,No
CUST00252,Female,0,3,Yes,Fiber optic,104.43,297.93,No
CUST00253,Male,0,68,Yes,Fiber optic,38.32,3091.04,No
CUST00254,Female,0,70,No,Fiber optic,56.39,3705.59,No
CUST00255,Female,0,45,No,DSL,26.08,994.92,No
CUST00256,Male,0,2,No,Fiber optic,89.25,162.87,Yes
CUST00257,Male,0,5,No,DSL,84.95,,Yes
CUST00258,Female,0,25,Yes,Fiber optic,83.37,2198.82,No
CUST00259,Male,0,58,Yes,No,52.0,3593.08,No
CUST00260,Female,1,8,Yes,DSL,65.48,536.13,Yes
CUST00261,Female,0,1,No,DSL,79.22,81.5,Yes
CUST00262,Male,0,30,Yes,Fiber optic,53.48,1862.18,Yes
CUST00263,Male,0,16,Yes,Fiber optic,44.74,840.99,No
CUST00264,Female,0,12,Yes,DSL,36.17,385.38,No
CUST00265,Female,0,67,No,DSL,37.68,2456.91,No
CUST00266,Female,1,36,Yes,Fiber optic,42.81,1843.18,Yes
CUST00267,Male,0,36,Yes,DSL,26.13,1173.77,No
CUST00268,Male,1,54,No,DSL,87.99,4591.56,Yes
CUST00269,Female,0,12,Yes,DSL,93.22,1006.6,No
CUST00270,Female,0,4,Yes,Fiber optic,110.0,429.33,No
CUST00271,Female,0,67,Yes,Fiber optic,88.91,6325.83,No
CUST00272,Male,1,4,Yes,Fiber optic,98.0,413.68,Yes
CUST00273,Female,1,2,Yes,Fiber optic,68.59,121.37,No
CUST00274,Female,1,4,No,DSL,65.71,268.71,No
CUST00275,Female,0,1,No,DSL,66.7,59.82,No
CUST00276,Male,0,62,Yes,DSL,48.43,,No
CUST00277,Male,0,60,No,No,55.23,2834.8,No
CUST00278,Female,1,49,Yes,DSL,64.05,3568.56,No
CUST00279,Female,1,12,Yes,DSL,74.05,924.78,No
CUST00280,Female,0,7,Yes,Fiber optic,103.08,675.11,Yes
CUST00281,Female,0,63,No,No,75.79,5055.64,No
CUST00282,Female,0,5,No,Fiber optic,96.54,496.19,Yes
CUST00283,Male,0,7,No,Fiber optic,69.28,533.65,No
CUST00284,Male,0,6,Yes,No,89.38,551.32,Yes
CUST00285,Female,0,65,No,No,69.58,4845.58,No
CUST00286,Female,0,53,Yes,Fiber optic,20.89,1586.42,Yes
CUST00287,Female,0,15,Yes,Fiber optic,38.98,468.72,No
CUST00288,Female,0,35,Yes,Fiber optic,93.43,2995.47,No
CUST00289,Male,1,70,No,Fiber optic,48.58,2806.23,No
CUST00290,Female,0,69,No,Fiber optic,74.47,5782.12,No
CUST00291,Male,0,1,Yes,No,84.13,89.68,No
CUST00292,Female,1,25,No,DSL,61.3,1655.48,No
CUST00293,Male,0,4,Yes,No,85.21,301.7,Yes
CUST00294,Male,1,4,No,No,88.51,393.65,Yes
CUST00295,Female,1,10,No,Fiber optic,64.11,700.22,Yes
CUST00296,Male,0,26,No,No,83.83,,No
CUST00297,Male,0,34,No,Fiber optic,85.18,2716.52,No
CUST00298,Female,0,44,No,DSL,86.76,3807.78,No
CUST00299,Female,0,71,Yes,DSL,65.66,4693.49,No
CUST00300,Female,0,53,Yes,DSL,50.51,2715.69,No
CUST00301,Male,1,1,Yes,Fiber optic,102.54,107.92,No
CUST00302,Female,0,1,No,DSL,102.16,107.14,Yes
CUST00303,Female,1,55,No,DSL,82.65,4157.87,No
CUST00304,Male,0,0,Yes,DSL,93.56,,Yes
CUST00305,Female,1,39,No,Fiber optic,63.38,2474.83,No
CUST00306,Female,0,57,No,DSL,45.32,2502.08,No
CUST00307,Male,0,65,No,DSL,70.17,4373.47,No
CUST00308,Male,0,0,No,Fiber optic,93.09,,Yes
CUST00309,Male,0,25,No,No,64.25,1837.21,No
CUST00310,Female,0,9,No,DSL,61.11,633.19,No
CUST00311,Male,0,46,No,Fiber optic,83.97,3714.45,No
CUST00312,Male,0,40,No,No,52.31,2483.11,No
CUST00313,Female,0,12,Yes,Fiber optic,56.07,728.51,No
CUST00314,Male,1,1,Yes,Fiber optic,63.96,63.23,Yes
CUST00315,Male,0,1,No,No,98.64,96.04,No
CUST00316,Female,0,68,Yes,Fiber optic,52.86,3887.29,Yes
CUST00317,Male,0,9,Yes,DSL,108.59,892.48,No
CUST00318,Male,0,9,Yes,DSL,96.67,948.14,Yes
CUST00319,Female,0,11,Yes,DSL,82.15,959.77,No
CUST00320,Female,0,12,Yes,DSL,42.85,409.84,No
CUST00321,Female,0,8,No,DSL,100.28,814.2,Yes
CUST00322,Male,0,10,Yes,Fiber optic,74.5,,Yes
CUST00323,Male,0,5,No,Fiber optic,74.92,331.58,Yes
CUST00324,Female,0,28,Yes,Fiber optic,62.63,1521.07,No
CUST00325,Female,0,4,No,No,79.65,296.42,Yes
CUST00326,Female,0,1,No,DSL,80.22,86.07,Yes
CUST00327,Male,0,41,Yes,Fiber optic,54.42,2288.97,Yes
CUST00328,Female,0,5,No,No,108.12,,No
CUST00329,Male,1,9,No,Fiber optic,101.19,906.99,No
CUST00330,Male,0,10,No,Fiber optic,63.08,656.55,Yes
CUST00331,Female,1,9,No,No,77.73,744.63,Yes
CUST00332,Female,0,46,Yes,Fiber optic,48.97,,No
CUST00333,Male,0,1,No,Fiber optic,79.56,87.58,Yes
CUST00334,Female,0,2,No,Fiber optic,105.46,229.92,Yes
CUST00335,Female,0,32,No,Fiber optic,39.04,1403.48,No
CUST00336,Male,0,6,Yes,Fiber optic,108.09,667.3,No
CUST00337,Female,0,11,No,Fiber optic,62.3,709.66,No
CUST00338,Male,0,67,No,Fiber optic,51.44,,Yes
CUST00339,Male,0,7,Yes,No,86.78,613.93,Yes
CUST00340,Male,0,25,Yes,No,81.55,2287.97,No
CUST00341,Female,0,0,Yes,DSL,103.52,,Yes
CUST00342,Female,1,51,Yes,Fiber optic,42.8,2511.58,No
CUST00343,Female,0,66,No,DSL,39.98,2111.76,No
CUST00344,Male,0,27,Yes,Fiber optic,64.67,1562.94,No
CUST00345,Male,1,35,Yes,Fiber optic,21.8,544.2,Yes
CUST00346,Female,1,38,Yes,No,87.16,,No
CUST00347,Female,0,32,Yes,DSL,44.82,1500.57,No
CUST00348,Male,0,6,Yes,DSL,65.43,445.61,No
CUST00349,Male,0,28,No,Fiber optic,22.47,895.79,No
CUST00350,Female,1,22,Yes,Fiber optic,92.01,1969.39,No
CUST00351,Female,0,0,Yes,DSL,82.93,,Yes
CUST00352,Male,1,45,Yes,DSL,35.25,1454.52,No
CUST00353,Male,0,10,No,No,77.47,867.76,No
CUST00354,Male,0,64,Yes,Fiber optic,43.8,2252.32,Yes
CUST00355,Female,0,11,Yes,DSL,108.69,1234.51,No
CUST00356,Female,1,50,Yes,No,39.34,1943.0,Yes
CUST00357,Male,0,2,No,DSL,80.48,144.72,Yes
CUST00358,Male,1,5,No,Fiber optic,79.25,437.12,Yes
CUST00359,Female,1,39,No,DSL,34.31,1398.98,No
CUST00360,Male,0,5,Yes,DSL,79.97,373.18,No
CUST00361,Male,0,24,No,No,35.64,1020.27,No
CUST00362,Male,0,57,No,Fiber optic,40.66,,Yes
CUST00363,Male,0,34,Yes,Fiber optic,62.02,2104.28,No
CUST00364,Female,0,15,Yes,Fiber optic,52.07,664.71,No
CUST00365,Female,0,0,Yes,Fiber optic,99.94,,No
CUST00366,Male,0,21,No,Fiber optic,28.63,805.03,No
CUST00367,Female,0,44,Yes,Fiber optic,28.42,1171.41,No
CUST00368,Female,0,2,Yes,Fiber optic,82.76,168.84,Yes
CUST00369,Male,0,21,Yes,Fiber optic,93.48,,No
CUST00370,Male,0,0,No,No,94.77,,Yes
CUST00371,Female,0,3,No,DSL,84.83,231.02,Yes
CUST00372,Male,0,9,No,No,97.93,928.79,Yes
CUST00373,Male,0,35,Yes,DSL,90.8,3392.38,No
CUST00374,Female,0,50,Yes,DSL,78.57,4291.86,No
CUST00375,Male,0,61,No,No,58.23,3552.27,No
CUST00376,Male,0,6,No,No,66.64,363.01,No
CUST00377,Male,1,5,Yes,Fiber optic,70.47,332.61,No
CUST00378,Female,0,58,Yes,DSL,34.03,,No
CUST00379,Male,0,32,Yes,DSL,94.92,3082.62,No
CUST00380,Female,0,39,Yes,DSL,87.07,3358.17,No
CUST00381,Male,0,50,Yes,DSL,94.02,4434.13,No
CUST00382,Male,0,54,Yes,DSL,50.45,2696.91,No
CUST00383,Male,0,44,No,DSL,39.46,2166.49,No
CUST00384,Female,1,72,Yes,No,83.23,6497.9,No
CUST00385,Female,0,1,No,No,60.35,55.68,No
CUST00386,Female,0,16,No,No,98.94,1506.67,No
CUST00387,Female,0,50,No,DSL,86.62,4143.22,No
CUST00388,Female,0,51,Yes,No,28.41,1472.76,No
CUST00389,Male,0,11,No,No,76.49,788.98,Yes
CUST00390,Female,0,0,Yes,Fiber optic,88.85,,Yes
CUST00391,Female,0,6,Yes,DSL,62.14,354.74,No
CUST00392,Female,1,25,No,Fiber optic,46.95,983.72,No
CUST00393,Female,0,41,Yes,No,76.3,2855.71,No
CUST00394,Female,0,32,No,Fiber optic,91.91,2850.74,No
CUST00395,Female,1,40,No,DSL,83.65,3206.39,No
CUST00396,Female,0,13,No,DSL,38.72,,No
CUST00397,Male,0,31,Yes,DSL,27.52,750.01,No
CUST00398,Female,0,5,No,DSL,89.21,424.23,Yes
CUST00399,Male,1,8,Yes,DSL,75.0,537.11,Yes
CUST00400,Female,0,63,Yes,DSL,87.48,5172.96,No
CUST00401,Male,0,12,Yes,DSL,61.75,746.96,No
CUST00402,Male,1,20,Yes,Fiber optic,39.16,729.26,Yes
CUST00403,Female,0,26,No,DSL,75.03,2140.74,No
CUST00404,Male,0,12,Yes,DSL,39.33,382.8,No
CUST00405,Male,0,47,Yes,DSL,59.2,2489.87,No
CUST00406,Female,0,43,No,Fiber optic,68.04,2958.98,Yes
CUST00407,Male,0,42,No,No,83.12,3304.14,No
CUST00408,Male,0,64,No,DSL,28.85,2002.83,No
CUST00409,Male,1,6,No,DSL,93.69,606.08,Yes
CUST00410,Male,0,48,No,DSL,96.81,,No
CUST00411,Male,0,55,Yes,DSL,73.66,4508.98,No
CUST00412,Female,1,26,Yes,DSL,85.89,2090.88,Yes
CUST00413,Male,1,12,No,No,72.13,934.45,Yes
CUST00414,Female,0,64,Yes,Fiber optic,97.44,5859.54,No
CUST00415,Male,0,41,Yes,No,93.83,3771.65,No
CUST00416,Male,0,13,Yes,Fiber optic,39.64,523.29,No
CUST00417,Male,0,20,No,Fiber optic,77.39,1508.84,No
CUST00418,Female,1,3,No,DSL,73.88,220.44,Yes
CUST00419,Female,0,11,No,Fiber optic,95.99,1074.12,No
CUST00420,Male,0,24,No,No,54.53,1248.04,No
CUST00421,Male,0,31,No,DSL,74.56,2320.74,No
CUST00422,Female,0,37,Yes,DSL,92.27,3523.19,No
CUST00423,Male,0,65,No,Fiber optic,85.39,5526.48,No
CUST00424,Female,0,2,Yes,Fiber optic,75.17,150.51,No
CUST00425,Male,1,45,Yes,Fiber optic,78.37,3755.64,No
CUST00426,Male,0,65,No,No,82.6,5848.01,No
CUST00427,Female,0,43,Yes,No,35.15,1235.75,No
CUST00428,Male,1,6,No,Fiber optic,101.94,592.14,Yes
CUST00429,Male,1,10,Yes,No,72.98,658.0,No
CUST00430,Female,0,40,Yes,Fiber optic,34.92,1556.89,No
CUST00431,Male,0,7,No,Fiber optic,80.84,528.36,Yes
CUST00432,Male,0,25,No,Fiber optic,44.22,1142.33,No
CUST00433,Male,0,43,No,DSL,63.97,2736.21,No
CUST00434,Female,0,67,Yes,DSL,54.71,4207.74,No
CUST00435,Female,0,5,Yes,No,104.94,529.52,Yes
CUST00436,Female,0,42,Yes,Fiber optic,77.57,3370.76,Yes
CUST00437,Male,0,66,No,No,61.16,4600.2,No
CUST00438,Male,1,9,Yes,Fiber optic,104.65,992.76,Yes
CUST00439,Male,0,33,No,DSL,45.63,1744.08,No
CUST00440,Male,0,5,Yes,DSL,85.52,443.43,No
CUST00441,Male,0,26,No,No,94.0,2622.53,No
CUST00442,Female,1,47,No,DSL,83.23,3734.04,Yes
CUST00443,Male,1,11,No,DSL,67.24,848.91,No
CUST00444,Female,1,24,No,DSL,83.92,2169.62,No
CUST00445,Female,0,12,Yes,Fiber optic,76.67,983.72,No
CUST00446,Male,0,1,No,DSL,82.93,88.97,Yes
CUST00447,Female,0,35,No,DSL,37.73,1288.66,No
CUST00448,Female,1,65,Yes,DSL,61.29,4026.23,No
CUST00449,Female,0,26,Yes,Fiber optic,27.96,613.0,No
CUST00450,Male,0,4,Yes,Fiber optic,85.15,329.19,No
CUST00451,Male,0,5,Yes,No,83.05,382.03,No
CUST00452,Male,0,52,No,No,53.91,3218.41,No
CUST00453,Female,0,61,Yes,Fiber optic,66.15,4525.14,Yes
CUST00454,Male,0,42,No,Fiber optic,38.59,2012.94,No
CUST00455,Male,0,55,Yes,Fiber optic,84.36,4158.93,No
CUST00456,Female,0,5,No,No,105.9,507.92,Yes
CUST00457,Female,0,36,No,Fiber optic,59.08,1962.95,No
CUST00458,Male,1,37,Yes,No,36.5,1135.97,No
CUST00459,Female,0,67,Yes,DSL,59.35,3818.8,No
CUST00460,Male,0,12,Yes,No,82.7,1033.96,No
CUST00461,Female,0,10,Yes,DSL,73.92,823.72,No
CUST00462,Male,0,9,Yes,No,65.04,672.12,No
CUST00463,Male,0,25,Yes,DSL,95.49,2161.24,No
CUST00464,Female,0,1,Yes,DSL,83.41,77.73,Yes
CUST00465,Male,0,2,No,Fiber optic,67.7,155.27,Yes
CUST00466,Female,0,11,No,DSL,106.29,1230.01,Yes
CUST00467,Female,0,0,Yes,DSL,79.87,,Yes
CUST00468,Male,0,4,No,No,72.17,284.03,Yes
CUST00469,Male,0,12,Yes,Fiber optic,28.14,248.32,No
CUST00470,Male,1,8,Yes,Fiber optic,90.77,660.68,Yes
CUST00471,Male,0,4,No,DSL,92.78,407.15,Yes
CUST00472,Male,0,59,Yes,No,59.46,3958.74,No
CUST00473,Male,0,0,Yes,No,82.27,,Yes
CUST00474,Female,0,1,No,Fiber optic,105.85,96.91,No
CUST00475,Female,0,66,No,Fiber optic,24.94,2189.26,No
CUST00476,Female,0,36,No,DSL,40.37,1144.93,No
CUST00477,Female,0,36,No,Fiber optic,77.39,2872.2,No
CUST00478,Male,0,5,Yes,Fiber optic,105.87,575.37,Yes
CUST00479,Male,0,8,Yes,DSL,104.32,852.85,Yes
CUST00480,Female,0,8,No,DSL,109.93,890.46,No
CUST00481,Female,1,9,No,DSL,76.95,707.46,Yes
CUST00482,Female,0,33,Yes,No,98.07,2995.81,No
CUST00483,Male,0,67,Yes,Fiber optic,31.4,1899.05,No
CUST00484,Female,0,33,Yes,DSL,85.26,2505.54,No
CUST00485,Female,0,3,Yes,No,89.09,257.58,Yes
CUST00486,Female,0,42,No,DSL,96.5,4187.43,No
CUST00487,Male,0,38,Yes,Fiber optic,36.59,1546.64,No
CUST00488,Female,0,33,No,DSL,21.81,558.69,No
CUST00489,Female,0,25,No,DSL,24.05,373.59,No
CUST00490,Male,0,67,Yes,Fiber optic,60.75,3429.61,No
CUST00491,Male,0,12,No,DSL,38.53,543.25,No
CUST00492,Female,0,46,No,DSL,80.2,3833.36,No
CUST00493,Female,0,2,Yes,DSL,78.96,163.87,Yes
CUST00494,Female,0,62,Yes,No,28.25,1644.94,No
CUST00495,Male,1,16,No,Fiber optic,58.5,809.44,Yes
CUST00496,Female,1,38,No,No,83.69,3121.62,No
CUST00497,Female,0,25,No,DSL,32.69,,No
CUST00498,Female,0,53,Yes,DSL,66.52,3626.36,No
CUST00499,Male,0,19,Yes,Fiber optic,45.92,,No
CUST00500,Male,0,68,Yes,DSL,35.99,2200.12,No
CUST00501,Male,0,7,Yes,Fiber optic,95.29,620.19,Yes
CUST00502,Female,0,42,No,Fiber optic,49.0,2357.66,Yes
CUST00503,Male,0,37,Yes,Fiber optic,30.46,1483.15,Yes
CUST00504,Female,0,47,No,DSL,42.94,1645.76,No
CUST00505,Female,0,61,No,DSL,57.39,3070.79,No
CUST00506,Female,0,59,No,Fiber optic,48.3,2930.95,No
CUST00507,Female,0,36,Yes,No,22.84,,No
CUST00508,Male,0,26,No,Fiber optic,40.32,1296.31,No
CUST00509,Male,0,0,Yes,Fiber optic,62.39,,No
CUST00510,Female,0,35,No,No,22.13,962.93,No
CUST00511,Female,1,5,Yes,DSL,76.35,341.59,Yes
CUST00512,Male,0,0,Yes,No,77.57,,Yes
CUST00513,Female,0,0,Yes,DSL,82.82,,No
CUST00514,Female,1,10,No,No,78.33,741.61,Yes
CUST00515,Male,0,17,No,DSL,66.62,1255.86,No
CUST00516,Female,0,11,No,Fiber optic,89.0,1022.07,Yes
CUST00517,Male,0,46,No,Fiber optic,80.67,3349.61,Yes
CUST00518,Female,0,30,No,No,60.15,1599.66,No
CUST00519,Male,1,71,No,No,99.2,7168.64,Yes
CUST00520,Female,0,72,No,No,58.73,4456.91,No
CUST00521,Female,0,12,No,DSL,98.59,1104.67,No
CUST00522,Female,0,38,No,No,57.56,1814.07,No
CUST00523,Male,0,44,Yes,DSL,63.29,3147.6,No
CUST00524,Female,0,62,Yes,Fiber optic,40.04,2387.76,No
CUST00525,Female,0,50,No,Fiber optic,93.58,4204.79,Yes
CUST00526,Male,0,50,Yes,DSL,75.97,3622.61,No
CUST00527,Male,0,1,No,DSL,104.65,112.14,Yes
CUST00528,Male,0,19,Yes,No,72.21,1465.29,No
CUST00529,Female,0,36,Yes,Fiber optic,95.17,3686.83,No
CUST00530,Male,0,6,Yes,Fiber optic,97.74,577.69,Yes
CUST00531,Male,0,14,Yes,DSL,76.07,951.23,No
CUST00532,Female,0,59,Yes,Fiber optic,76.18,,No
CUST00533,Female,0,57,No,DSL,75.35,4686.93,No
CUST00534,Male,0,66,No,No,68.76,4045.01,No
CUST00535,Male,1,14,Yes,No,46.78,749.21,No
CUST00536,Female,0,8,No,No,95.68,749.26,Yes
CUST00537,Female,0,3,Yes,No,70.06,225.47,No
CUST00538,Female,0,8,No,Fiber optic,83.8,613.01,Yes
CUST00539,Male,0,3,Yes,DSL,89.83,271.54,No
CUST00540,Male,0,65,Yes,DSL,79.02,5183.15,No
CUST00541,Female,0,23,No,Fiber optic,93.35,2171.17,No
CUST00542,Male,0,0,Yes,Fiber optic,100.63,,No
CUST00543,Female,0,7,No,Fiber optic,77.35,523.07,Yes
CUST00544,Female,0,11,No,Fiber optic,99.55,1125.79,Yes
CUST00545,Male,0,58,Yes,Fiber optic,82.15,4419.47,Yes
CUST00546,Female,1,36,Yes,Fiber optic,88.71,3363.73,No
CUST00547,Male,1,0,Yes,DSL,80.38,,Yes
CUST00548,Male,0,58,No,Fiber optic,76.39,4220.12,Yes
CUST00549,Male,0,29,No,Fiber optic,70.84,2145.48,No
CUST00550,Male,1,56,Yes,DSL,20.18,1375.08,No
CUST00551,Female,0,1,Yes,No,73.36,74.51,No
CUST00552,Female,0,26,No,Fiber optic,53.12,1328.37,No
CUST00553,Male,0,3,Yes,Fiber optic,106.4,314.67,Yes
CUST00554,Female,0,63,Yes,Fiber optic,76.88,4478.06,No
CUST00555,Male,0,22,No,DSL,36.21,992.32,No
CUST00556,Female,0,1,No,DSL,76.17,77.39,Yes
CUST00557,Male,0,64,No,No,99.38,6341.87,No
CUST00558,Female,1,1,Yes,DSL,87.78,86.02,No
CUST00559,Female,1,39,Yes,Fiber optic,59.82,2200.6,Yes
CUST00560,Female,0,6,No,Fiber optic,65.48,415.44,No
CUST00561,Female,0,22,No,DSL,85.86,1762.27,No
CUST00562,Male,0,12,Yes,No,86.94,1101.07,No
CUST00563,Male,0,43,Yes,Fiber optic,93.95,3680.32,Yes
CUST00564,Female,0,4,Yes,Fiber optic,64.77,240.66,No
CUST00565,Female,0,5,No,Fiber optic,84.84,459.98,No
CUST00566,Male,0,3,Yes,Fiber optic,73.75,208.35,No
CUST00567,Male,0,19,No,No,50.38,915.31,No
CUST00568,Female,1,26,No,DSL,89.56,2079.54,No
CUST00569,Female,0,45,No,Fiber optic,24.58,886.03,No
CUST00570,Male,0,12,Yes,Fiber optic,47.68,471.49,No
CUST00571,Female,0,59,No,DSL,32.38,1381.18,No
CUST00572,Male,1,38,Yes,Fiber optic,46.19,1498.2,No
CUST00573,Male,1,24,Yes,No,39.52,1039.64,No
CUST00574,Male,0,42,No,Fiber optic,31.99,1638.29,Yes
CUST00575,Male,0,56,Yes,Fiber optic,97.33,5470.3,No
CUST00576,Female,0,5,No,DSL,90.45,439.36,No
CUST00577,Male,0,7,Yes,No,103.0,667.93,No
CUST00578,Female,1,62,Yes,No,55.43,3982.33,No
CUST00579,Female,0,1,Yes,Fiber optic,99.72,109.15,No
CUST00580,Male,1,52,Yes,No,93.36,4540.64,No
CUST00581,Female,1,49,Yes,DSL,91.96,4298.43,Yes
CUST00582,Male,0,11,Yes,DSL,86.93,977.36,Yes
CUST00583,Male,0,55,Yes,DSL,76.22,4326.81,No
CUST00584,Female,1,12,Yes,DSL,49.14,680.12,No
CUST00585,Female,1,3,Yes,DSL,81.19,245.17,Yes
CUST00586,Male,0,34,No,No,56.66,1820.33,No
CUST00587,Female,0,1,Yes,DSL,66.86,68.0,No
CUST00588,Female,0,6,Yes,DSL,79.91,478.38,Yes
CUST00589,Female,0,48,No,DSL,25.59,1059.63,No
CUST00590,Male,0,26,No,No,33.31,1032.65,No
CUST00591,Male,0,63,No,No,65.19,4171.42,No
CUST00592,Male,0,0,Yes,No,105.46,,Yes
CUST00593,Male,0,69,Yes,DSL,67.13,4772.17,No
CUST00594,Male,0,63,No,Fiber optic,88.09,4974.1,No
CUST00595,Female,0,5,No,DSL,77.93,382.33,Yes
CUST00596,Female,1,3,Yes,DSL,107.3,305.19,Yes
CUST00597,Male,0,35,Yes,DSL,25.94,908.05,No
CUST00598,Female,0,69,Yes,Fiber optic,47.17,2998.91,No
CUST00599,Male,1,34,Yes,Fiber optic,91.91,3271.98,No
CUST00600,Male,0,48,No,Fiber optic,98.63,4665.14,No
CUST00601,Female,0,57,Yes,DSL,29.36,1787.22,No
CUST00602,Female,1,2,No,DSL,108.6,228.56,Yes
CUST00603,Female,0,25,Yes,Fiber optic,74.67,1706.48,No
CUST00604,Female,0,3,Yes,Fiber optic,62.94,193.57,Yes
CUST00605,Female,0,2,No,No,105.08,,No
CUST00606,Male,0,11,Yes,DSL,108.63,1189.6,Yes
CUST00607,Female,0,5,No,No,70.04,317.38,No
CUST00608,Male,0,8,No,Fiber optic,69.46,604.2,No
CUST00609,Male,0,50,Yes,Fiber optic,82.8,4336.0,No
CUST00610,Male,1,6,Yes,DSL,71.17,380.82,Yes
CUST00611,Female,0,62,Yes,No,60.64,3291.34,No
CUST00612,Male,1,71,Yes,No,48.81,3594.63,Yes
CUST00613,Female,0,9,Yes,Fiber optic,60.51,553.35,No
CUST00614,Female,0,12,Yes,DSL,89.47,1023.02,No
CUST00615,Male,0,56,Yes,DSL,68.3,3371.89,No
CUST00616,Female,0,54,Yes,DSL,77.09,3925.16,No
CUST00617,Female,0,69,No,Fiber optic,82.45,5283.13,Yes
CUST00618,Male,0,6,No,Fiber optic,92.46,496.3,Yes
CUST00619,Female,0,35,Yes,Fiber optic,55.92,1784.26,No
CUST00620,Male,0,10,No,Fiber optic,62.55,662.18,No
CUST00621,Male,0,10,Yes,Fiber optic,84.66,784.56,Yes
CUST00622,Female,0,10,No,DSL,103.55,992.41,Yes
CUST00623,Male,0,8,Yes,No,99.98,837.79,Yes
CUST00624,Female,0,55,Yes,DSL,60.84,3677.5,No
CUST00625,Female,1,9,No,Fiber optic,70.42,549.19,No
CUST00626,Male,0,7,No,No,92.01,587.28,Yes
CUST00627,Female,1,36,Yes,DSL,57.42,2314.4,No
CUST00628,Male,0,57,No,DSL,86.08,,No
CUST00629,Female,0,32,No,DSL,58.25,1822.41,No
CUST00630,Male,1,14,No,Fiber optic,53.54,809.06,Yes
CUST00631,Female,0,71,No,DSL,50.31,3512.56,No
CUST00632,Male,1,70,Yes,No,24.58,2265.27,Yes
CUST00633,Female,0,2,No,No,70.5,148.51,Yes
CUST00634,Male,0,70,Yes,DSL,23.63,2164.82,No
CUST00635,Female,0,9,No,DSL,91.64,841.38,Yes
CUST00636,Male,1,0,Yes,DSL,85.85,,Yes
CUST00637,Female,1,14,Yes,Fiber optic,76.21,1175.5,No
CUST00638,Male,0,7,No,DSL,72.27,,Yes
CUST00639,Male,0,4,Yes,DSL,98.42,356.57,No
CUST00640,Male,1,0,No,DSL,86.58,,No
CUST00641,Male,0,67,No,DSL,66.31,4388.48,No
CUST00642,Female,1,11,No,DSL,72.86,695.58,Yes
CUST00643,Male,1,51,Yes,Fiber optic,52.1,2911.14,Yes
CUST00644,Male,0,64,Yes,Fiber optic,35.49,1695.3,Yes
CUST00645,Female,0,13,Yes,DSL,43.83,628.24,No
CUST00646,Female,0,9,No,No,62.88,513.39,No
CUST00647,Male,0,46,Yes,Fiber optic,56.97,2562.45,No
CUST00648,Female,0,4,No,No,77.39,301.55,No
CUST00649,Male,0,35,No,Fiber optic,53.78,1536.12,Yes
CUST00650,Male,1,12,No,DSL,64.69,715.9,Yes
CUST00651,Female,0,36,Yes,Fiber optic,57.4,2182.33,No
CUST00652,Female,0,27,No,Fiber optic,57.6,1800.89,No
CUST00653,Male,0,5,No,No,92.62,437.49,Yes
CUST00654,Male,0,46,Yes,DSL,73.72,3553.87,No
CUST00655,Female,0,37,Yes,No,48.51,1749.56,No
CUST00656,Female,0,7,No,DSL,89.62,625.45,Yes
CUST00657,Male,1,54,No,DSL,72.86,3699.39,No
CUST00658,Male,0,6,Yes,Fiber optic,79.61,521.37,Yes
CUST00659,Male,0,67,No,Fiber optic,57.18,3527.62,Yes
CUST00660,Female,1,68,No,Fiber optic,72.96,4723.99,Yes
CUST00661,Female,0,17,Yes,DSL,22.91,476.66,No
CUST00662,Male,0,3,No,DSL,98.47,309.75,No
CUST00663,Male,1,39,Yes,Fiber optic,28.94,1194.69,No
CUST00664,Male,0,52,No,No,72.65,3839.53,No
CUST00665,Male,0,35,Yes,No,34.01,996.5,No
CUST00666,Female,0,45,Yes,Fiber optic,99.4,4408.09,No
CUST00667,Female,0,8,Yes,Fiber optic,67.55,486.57,Yes
CUST00668,Male,0,64,No,DSL,38.2,1971.17,No
CUST00669,Female,0,38,No,Fiber optic,40.69,1501.1,No
CUST00670,Female,1,8,Yes,Fiber optic,76.93,684.13,No
CUST00671,Female,0,0,Yes,DSL,78.02,,Yes
CUST00672,Male,0,31,No,Fiber optic,91.71,2744.56,Yes
CUST00673,Male,0,6,Yes,No,108.88,612.75,No
CUST00674,Male,0,12,Yes,Fiber optic,86.18,979.39,No
CUST00675,Male,0,30,No,Fiber optic,94.07,2887.35,No
CUST00676,Female,0,42,No,Fiber optic,37.11,1143.47,No
CUST00677,Male,0,38,No,DSL,30.44,1506.83,No
CUST00678,Female,0,30,Yes,Fiber optic,69.27,2261.08,No
CUST00679,Male,0,45,No,DSL,62.21,2832.57,No
CUST00680,Male,0,55,No,No,28.7,1705.09,No
CUST00681,Female,0,45,Yes,Fiber optic,91.34,3731.96,Yes
CUST00682,Female,1,40,No,DSL,78.07,3086.41,No
CUST00683,Female,0,4,Yes,DSL,78.68,328.01,No
CUST00684,Female,0,23,No,Fiber optic,41.93,1002.12,No
CUST00685,Male,0,57,No,Fiber optic,66.74,3689.67,No
CUST00686,Female,0,31,No,No,56.63,1665.04,No
CUST00687,Male,0,0,Yes,No,63.52,,No
CUST00688,Female,0,13,No,DSL,53.18,809.97,No
CUST00689,Male,0,41,Yes,DSL,85.67,3551.41,No
CUST00690,Male,1,11,No,DSL,109.61,1208.52,Yes
CUST00691,Male,0,67,No,Fiber optic,36.77,2202.62,Yes
CUST00692,Female,0,35,Yes,Fiber optic,90.45,3264.36,Yes
CUST00693,Female,0,65,No,Fiber optic,81.93,,No
CUST00694,Male,1,20,No,No,86.89,1707.1,No
CUST00695,Female,1,6,Yes,Fiber optic,82.98,441.37,Yes
CUST00696,Female,0,11,Yes,Fiber optic,109.71,1270.25,Yes
CUST00697,Female,0,23,Yes,Fiber optic,90.24,1964.41,No
CUST00698,Female,0,50,No,DSL,30.17,1707.81,No
CUST00699,Female,0,71,No,Fiber optic,74.96,5169.37,No
CUST00700,Male,1,45,Yes,DSL,81.15,3436.04,No
CUST00701,Male,0,68,Yes,Fiber optic,33.78,2172.38,No
CUST00702,Male,0,49,Yes,DSL,59.71,3178.77,No
CUST00703,Female,0,39,No,Fiber optic,27.89,1432.67,Yes
CUST00704,Female,0,4,Yes,DSL,69.37,311.51,No
CUST00705,Male,0,4,No,DSL,91.59,344.35,No
CUST00706,Male,0,6,Yes,DSL,82.02,527.09,Yes
CUST00707,Male,0,67,No,DSL,27.09,1436.49,No
CUST00708,Female,0,30,No,DSL,42.42,1235.3,No
CUST00709,Male,0,5,Yes,No,60.4,307.51,No
CUST00710,Female,0,38,Yes,DSL,86.33,3599.3,No
CUST00711,Male,0,57,No,No,59.45,3187.43,No
CUST00712,Female,0,67,Yes,DSL,61.04,4237.02,No
CUST00713,Female,0,9,No,No,108.32,890.16,No
CUST00714,Female,0,10,Yes,Fiber optic,62.48,550.46,No
CUST00715,Female,0,7,No,Fiber optic,82.79,,No
CUST00716,Male,0,62,Yes,DSL,87.01,5332.49,No
CUST00717,Male,0,41,Yes,Fiber optic,80.61,3447.97,Yes
CUST00718,Male,1,45,No,No,73.94,,Yes
CUST00719,Female,0,55,No,Fiber optic,22.27,1211.55,No
CUST00720,Female,0,9,Yes,Fiber optic,105.4,919.5,No
CUST00721,Male,0,64,Yes,No,87.63,5796.71,No
CUST00722,Female,0,41,No,No,30.22,1632.21,No
CUST00723,Female,1,40,No,Fiber optic,20.82,909.69,Yes
CUST00724,Male,1,12,Yes,No,97.5,1259.93,Yes
CUST00725,Female,0,71,Yes,DSL,64.53,,No
CUST00726,Male,0,7,Yes,Fiber optic,82.95,580.44,Yes
CUST00727,Female,1,15,No,Fiber optic,86.62,1347.27,No
CUST00728,Female,0,59,No,DSL,91.23,5776.83,No
CUST00729,Male,0,33,Yes,No,23.13,847.8,No
CUST00730,Female,0,56,Yes,DSL,89.66,4960.5,No
CUST00731,Male,0,27,No,Fiber optic,38.3,961.4,No
CUST00732,Female,0,20,Yes,DSL,87.16,1904.2,No
CUST00733,Female,0,67,Yes,DSL,28.29,1446.04,No
CUST00734,Male,0,7,No,DSL,78.33,572.05,Yes
CUST00735,Female,0,58,Yes,DSL,60.65,2945.88,No
CUST00736,Male,0,1,No,Fiber optic,105.84,106.65,No
CUST00737,Female,0,40,No,DSL,51.67,1800.03,No
CUST00738,Female,0,46,Yes,DSL,82.0,3405.12,No
CUST00739,Female,1,21,Yes,DSL,67.95,1254.31,No
CUST00740,Female,0,7,Yes,Fiber optic,69.85,519.82,No
CUST00741,Female,0,8,Yes,Fiber optic,61.23,449.24,Yes
CUST00742,Female,0,7,No,Fiber optic,90.56,605.26,No
CUST00743,Male,0,71,No,DSL,91.99,7208.79,No
CUST00744,Male,0,18,Yes,No,97.33,1905.91,No
CUST00745,Male,0,57,Yes,DSL,54.38,2584.44,No
CUST00746,Male,0,35,Yes,DSL,63.53,2430.9,No
CUST00747,Female,0,40,Yes,Fiber optic,33.87,1708.68,No
CUST00748,Female,1,65,Yes,Fiber optic,82.9,5642.77,Yes
CUST00749,Female,1,63,No,Fiber optic,34.78,2331.52,No
CUST00750,Female,0,61,Yes,Fiber optic,30.9,1590.24,No
CUST00751,Female,0,69,Yes,Fiber optic,49.0,3944.62,No
CUST00752,Female,0,2,No,DSL,81.69,164.05,Yes
CUST00753,Male,0,5,Yes,Fiber optic,100.33,452.23,Yes
CUST00754,Male,0,16,No,DSL,95.0,1459.09,No
CUST00755,Female,0,4,Yes,DSL,77.49,310.38,Yes
CUST00756,Female,0,4,Yes,Fiber optic,78.92,320.42,Yes
CUST00757,Female,0,43,Yes,Fiber optic,27.2,1207.91,No
CUST00758,Male,0,24,No,DSL,75.81,2054.27,No
CUST00759,Female,0,4,Yes,Fiber optic,69.37,317.4,Yes
CUST00760,Female,1,23,Yes,No,80.71,1672.92,No
CUST00761,Male,1,39,Yes,No,60.36,2030.52,Yes
CUST00762,Male,0,7,No,DSL,75.12,465.54,Yes
CUST00763,Female,0,38,No,DSL,77.67,2590.22,No
CUST00764,Male,0,4,No,Fiber optic,96.03,381.93,No
CUST00765,Male,0,7,No,Fiber optic,102.5,661.51,No
CUST00766,Male,0,43,Yes,Fiber optic,47.42,1609.78,No
CUST00767,Male,0,26,No,DSL,50.13,1118.33,No
CUST00768,Male,0,10,Yes,DSL,82.25,749.41,No
CUST00769,Male,0,20,Yes,Fiber optic,47.62,1012.95,Yes
CUST00770,Male,0,26,Yes,Fiber optic,97.98,2650.47,Yes
CUST00771,Female,0,12,Yes,Fiber optic,94.24,1208.47,No
CUST00772,Female,0,50,No,DSL,80.53,,No
CUST00773,Male,0,11,Yes,No,67.68,774.44,No
CUST00774,Male,0,64,No,DSL,82.13,5032.82,No
CUST00775,Female,0,48,No,No,69.12,2862.13,No
CUST00776,Female,0,59,Yes,Fiber optic,97.82,5566.96,No
CUST00777,Male,0,65,No,Fiber optic,45.03,3476.67,Yes
CUST00778,Female,0,3,Yes,DSL,77.45,230.28,Yes
CUST00779,Male,1,33,No,Fiber optic,29.65,1137.68,No
CUST00780,Female,0,1,No,Fiber optic,103.91,106.3,No
CUST00781,Female,0,66,No,DSL,35.91,2542.64,No
CUST00782,Female,0,44,Yes,DSL,22.25,878.5,No
CUST00783,Male,1,44,Yes,DSL,57.35,2520.32,No
CUST00784,Male,1,39,Yes,No,75.53,3125.47,No
CUST00785,Male,0,51,Yes,DSL,86.93,4616.9,No
CUST00786,Female,0,4,Yes,Fiber optic,91.49,370.72,Yes
CUST00787,Male,0,45,Yes,Fiber optic,69.26,3485.57,No
CUST00788,Female,1,38,Yes,No,83.84,3333.45,Yes
CUST00789,Male,0,33,Yes,DSL,31.39,1065.74,No
CUST00790,Female,0,43,No,DSL,80.71,3357.56,No
CUST00791,Male,0,4,No,DSL,88.25,,No
CUST00792,Male,0,0,No,DSL,106.46,,Yes
CUST00793,Male,1,35,No,Fiber optic,43.3,1630.66,Yes
CUST00794,Female,0,67,Yes,Fiber optic,94.35,6652.86,No
CUST00795,Male,0,42,No,DSL,44.74,1571.38,No
CUST00796,Male,1,51,Yes,DSL,74.17,3376.17,No
CUST00797,Female,1,67,Yes,No,21.27,2048.5,Yes
CUST00798,Female,1,53,Yes,DSL,95.64,4914.23,No
CUST00799,Male,0,12,Yes,No,24.71,356.47,No
CUST00800,Female,0,4,No,No,62.1,257.05,No
CUST00801,Male,0,51,Yes,DSL,78.26,3606.68,No
CUST00802,Female,0,63,Yes,Fiber optic,92.52,5968.77,No
CUST00803,Male,0,44,No,No,93.52,4437.63,No
CUST00804,Male,0,0,Yes,No,75.23,,Yes
CUST00805,Female,0,19,No,DSL,47.06,792.28,No
CUST00806,Male,0,36,Yes,DSL,72.83,2768.95,No
CUST00807,Female,0,38,Yes,DSL,82.12,2896.39,No
CUST00808,Female,0,13,No,DSL,81.5,1173.52,No
CUST00809,Male,0,51,Yes,DSL,21.18,779.06,No
CUST00810,Male,0,12,Yes,DSL,48.99,491.16,No
CUST00811,Male,0,7,Yes,Fiber optic,68.0,445.71,Yes
CUST00812,Female,1,49,Yes,DSL,28.66,1583.17,No
CUST00813,Male,0,29,No,No,97.44,2758.17,No
CUST00814,Female,0,11,Yes,DSL,82.07,858.92,Yes
CUST00815,Female,0,11,Yes,No,70.91,809.62,Yes
CUST00816,Male,0,64,No,Fiber optic,33.09,2288.03,No
CUST00817,Female,0,11,Yes,DSL,62.75,777.83,No
CUST00818,Female,0,38,Yes,No,89.91,3624.57,No
CUST00819,Female,0,70,No,Fiber optic,21.18,884.56,No
CUST00820,Female,0,5,No,DSL,108.73,499.34,No
CUST00821,Male,0,11,Yes,Fiber optic,106.51,1195.17,Yes
CUST00822,Female,0,7,Yes,DSL,72.0,568.26,Yes
CUST00823,Male,0,61,Yes,Fiber optic,97.73,6548.88,Yes
CUST00824,Female,0,10,No,DSL,63.65,697.81,No
CUST00825,Female,1,12,Yes,DSL,24.42,251.83,No
CUST00826,Male,0,5,No,Fiber optic,76.12,370.08,Yes
CUST00827,Female,0,3,Yes,DSL,73.47,196.92,No
CUST00828,Female,1,6,Yes,Fiber optic,98.59,592.53,Yes
CUST00829,Female,0,54,Yes,Fiber optic,96.54,4788.6,No
CUST00830,Male,1,6,Yes,DSL,100.02,541.07,No
CUST00831,Male,1,14,Yes,Fiber optic,97.77,1380.44,No
CUST00832,Female,0,3,Yes,DSL,82.71,269.16,Yes
CUST00833,Female,0,0,No,No,100.92,,Yes
CUST00834,Female,0,3,No,Fiber optic,85.31,250.17,No
CUST00835,Male,0,58,Yes,Fiber optic,77.54,4967.13,No
CUST00836,Female,0,29,No,DSL,45.73,1041.24,No
CUST00837,Female,0,10,No,Fiber optic,108.74,1127.16,Yes
CUST00838,Male,1,23,No,Fiber optic,64.75,1684.81,Yes
CUST00839,Female,0,45,Yes,Fiber optic,74.66,2923.26,No
CUST00840,Female,0,17,Yes,Fiber optic,24.63,405.05,No
CUST00841,Female,0,44,No,Fiber optic,55.3,2872.22,Yes
CUST00842,Male,0,69,Yes,Fiber optic,25.26,2275.27,No
CUST00843,Female,0,6,No,Fiber optic,86.52,520.43,No
CUST00844,Female,0,68,No,DSL,21.66,1002.48,No
CUST00845,Male,0,54,No,No,33.8,1458.24,No
CUST00846,Female,0,6,No,Fiber optic,76.53,,No
CUST00847,Female,0,2,Yes,DSL,83.47,165.45,Yes
CUST00848,Male,0,5,Yes,DSL,73.83,391.19,Yes
CUST00849,Female,0,47,Yes,DSL,61.21,2818.98,No
CUST00850,Female,0,46,No,Fiber optic,31.98,,Yes
CUST00851,Male,1,6,Yes,Fiber optic,66.79,458.41,No
CUST00852,Male,0,25,Yes,DSL,23.2,695.26,No
CUST00853,Female,0,6,Yes,Fiber optic,78.57,521.61,Yes
CUST00854,Male,0,72,No,Fiber optic,25.85,2089.45,No
CUST00855,Female,0,40,No,Fiber optic,70.88,3207.11,No
CUST00856,Female,1,51,Yes,DSL,55.37,2956.84,No
CUST00857,Male,0,58,Yes,Fiber optic,43.3,2785.2,Yes
CUST00858,Female,1,0,No,Fiber optic,98.97,,No
CUST00859,Male,0,12,Yes,Fiber optic,64.07,674.16,No
CUST00860,Male,0,0,No,DSL,91.82,,No
CUST00861,Male,0,63,Yes,No,31.79,2304.91,No
CUST00862,Female,0,44,No,Fiber optic,92.62,4408.63,No
CUST00863,Female,0,2,Yes,Fiber optic,77.51,,No
CUST00864,Male,0,11,No,DSL,100.23,995.88,Yes
CUST00865,Male,0,66,Yes,No,28.72,1767.58,No
CUST00866,Female,0,65,No,No,63.5,3758.86,No
CUST00867,Male,0,69,Yes,DSL,79.85,5677.08,No
CUST00868,Female,0,8,Yes,DSL,65.1,513.13,No
CUST00869,Female,1,4,No,No,93.64,405.87,Yes
CUST00870,Male,0,16,Yes,No,63.47,,No
CUST00871,Male,0,5,Yes,DSL,67.47,288.97,No
CUST00872,Female,0,11,No,No,79.69,,Yes
CUST00873,Female,0,2,Yes,DSL,84.14,167.99,No
CUST00874,Female,0,71,Yes,DSL,74.56,5416.1,No
CUST00875,Female,0,45,Yes,DSL,57.81,2417.1,No
CUST00876,Male,0,9,No,No,95.56,929.95,Yes
CUST00877,Male,0,0,Yes,DSL,89.48,,Yes
CUST00878,Female,0,61,Yes,Fiber optic,47.6,2962.26,No
CUST00879,Female,0,3,Yes,Fiber optic,97.18,277.03,No
CUST00880,Female,0,7,No,Fiber optic,65.54,470.38,No
CUST00881,Female,0,8,No,No,102.59,766.87,No
CUST00882,Male,0,8,Yes,No,101.35,840.36,No
CUST00883,Male,0,45,Yes,DSL,40.87,1447.73,No
CUST00884,Male,1,27,No,DSL,41.45,1380.91,No
CUST00885,Male,0,4,Yes,Fiber optic,94.93,407.07,Yes
CUST00886,Male,0,51,Yes,DSL,25.62,819.09,No
CUST00887,Male,0,3,Yes,DSL,80.51,216.48,Yes
CUST00888,Male,0,32,Yes,DSL,51.37,1859.16,No
CUST00889,Male,0,21,No,Fiber optic,93.06,1959.2,No
CUST00890,Male,1,48,No,DSL,64.84,3404.84,No
CUST00891,Male,1,10,Yes,Fiber optic,78.33,,No
CUST00892,Male,0,54,No,DSL,64.93,2988.12,No
CUST00893,Male,0,2,Yes,DSL,89.87,186.42,No
CUST00894,Female,0,52,No,DSL,55.94,2388.92,No
CUST00895,Female,0,8,No,Fiber optic,78.96,656.5,No
CUST00896,Female,0,59,Yes,No,90.99,5879.08,No
CUST00897,Female,0,57,Yes,DSL,41.61,2171.86,No
CUST00898,Male,0,64,Yes,DSL,91.06,5476.63,No
CUST00899,Female,0,66,No,No,21.39,1685.22,No
CUST00900,Male,0,52,Yes,No,72.99,3277.48,No
CUST00901,Female,0,16,Yes,Fiber optic,71.93,1232.57,No
CUST00902,Female,0,56,Yes,No,83.81,5245.67,No
CUST00903,Male,0,3,Yes,DSL,102.34,316.02,No
CUST00904,Female,0,30,No,Fiber optic,57.02,1897.97,No
CUST00905,Female,1,0,Yes,Fiber optic,95.28,,Yes
CUST00906,Male,0,68,No,DSL,48.43,3501.1,No
CUST00907,Male,1,52,No,DSL,51.76,,No
CUST00908,Male,0,4,Yes,DSL,103.33,441.86,Yes
CUST00909,Female,0,59,Yes,Fiber optic,72.53,4553.13,No
CUST00910,Male,0,57,No,Fiber optic,29.46,1129.95,Yes
CUST00911,Female,0,57,Yes,DSL,95.69,5449.85,No
CUST00912,Male,0,34,No,Fiber optic,70.53,2257.99,No
CUST00913,Female,0,15,Yes,No,43.11,679.55,No
CUST00914,Female,0,10,No,No,77.23,780.47,No
CUST00915,Female,0,2,No,No,78.81,168.45,No
CUST00916,Female,0,4,Yes,Fiber optic,109.21,404.15,Yes
CUST00917,Female,0,4,No,Fiber optic,99.74,384.43,No
CUST00918,Female,0,62,Yes,DSL,30.06,1900.53,No
CUST00919,Male,0,1,No,DSL,103.72,107.43,No
CUST00920,Male,0,4,No,No,98.08,,Yes
CUST00921,Female,0,6,No,DSL,87.12,524.42,Yes
CUST00922,Male,1,42,Yes,Fiber optic,81.38,,Yes
CUST00923,Male,1,1,Yes,DSL,102.94,105.32,Yes
CUST00924,Female,0,57,No,Fiber optic,76.65,4492.31,No
CUST00925,Female,0,11,Yes,DSL,99.69,1096.03,Yes
CUST00926,Female,0,32,Yes,Fiber optic,40.58,1019.13,Yes
CUST00927,Male,0,39,Yes,No,22.63,1188.93,No
CUST00928,Female,0,10,No,DSL,81.16,835.46,Yes
CUST00929,Female,1,53,No,No,58.47,2818.74,No
CUST00930,Male,0,9,Yes,Fiber optic,82.89,668.39,Yes
CUST00931,Female,0,23,No,No,39.22,1089.45,No
CUST00932,Male,0,2,Yes,DSL,98.99,204.63,No
CUST00933,Female,0,46,No,No,26.53,1455.03,No
CUST00934,Male,0,10,Yes,Fiber optic,72.03,796.76,Yes
CUST00935,Female,1,3,No,DSL,75.57,222.71,No
CUST00936,Male,0,26,No,DSL,88.17,2551.26,No
CUST00937,Male,0,25,No,DSL,74.1,2022.15,No
CUST00938,Male,0,67,Yes,Fiber optic,84.02,5099.52,Yes
CUST00939,Male,0,58,Yes,DSL,86.81,4656.36,No
CUST00940,Female,0,72,Yes,Fiber optic,90.26,6585.8,No
CUST00941,Female,0,6,No,Fiber optic,73.59,467.97,No
CUST00942,Female,1,7,No,DSL,62.25,494.97,No
CUST00943,Male,1,40,Yes,Fiber optic,70.73,2676.59,No
CUST00944,Female,0,12,Yes,Fiber optic,59.15,751.61,No
CUST00945,Male,0,61,Yes,No,97.35,6186.88,No
CUST00946,Female,0,47,No,DSL,30.79,1102.98,No
CUST00947,Male,0,34,Yes,DSL,66.44,2142.27,No
CUST00948,Male,1,66,Yes,No,36.02,2263.3,No
CUST00949,Female,0,40,No,Fiber optic,99.41,4070.98,No
CUST00950,Female,0,0,Yes,Fiber optic,71.63,,Yes
CUST00951,Male,0,41,Yes,Fiber optic,32.53,1021.27,No
CUST00952,Male,0,19,No,DSL,87.32,1537.36,No
CUST00953,Female,0,62,Yes,Fiber optic,83.16,5772.95,Yes
CUST00954,Male,1,36,No,DSL,51.0,1565.72,No
CUST00955,Male,0,8,No,DSL,92.76,792.4,Yes
CUST00956,Male,1,29,No,Fiber optic,47.89,,No
CUST00957,Female,0,68,No,DSL,64.88,,No
CUST00958,Female,0,50,Yes,DSL,69.95,3289.01,No
CUST00959,Female,0,40,No,No,76.16,2751.09,No
CUST00960,Male,0,18,No,DSL,31.52,452.08,No
CUST00961,Male,0,65,No,Fiber optic,94.54,5682.35,No
CUST00962,Male,0,42,No,DSL,62.7,2584.63,No
CUST00963,Male,1,9,No,DSL,96.04,947.78,Yes
CUST00964,Male,0,1,Yes,Fiber optic,70.12,70.99,No
CUST00965,Male,0,65,Yes,No,57.68,3265.64,No
CUST00966,Male,0,68,No,No,28.94,1526.79,No
CUST00967,Male,0,32,No,DSL,25.56,997.69,No
CUST00968,Female,0,47,No,DSL,81.74,4172.27,No
CUST00969,Male,0,0,Yes,DSL,105.18,,No
CUST00970,Male,1,3,Yes,No,65.68,208.4,No
CUST00971,Male,0,14,Yes,DSL,68.17,1004.88,No
CUST00972,Male,0,6,No,DSL,79.67,445.3,Yes
CUST00973,Male,1,2,No,DSL,104.64,220.2,Yes
CUST00974,Male,0,69,No,Fiber optic,66.48,4167.65,Yes
CUST00975,Female,0,34,No,Fiber optic,22.95,652.93,No
CUST00976,Female,0,50,Yes,DSL,27.18,1289.07,No
CUST00977,Female,0,32,No,DSL,31.11,1237.49,No
CUST00978,Female,0,55,No,Fiber optic,56.2,2570.96,No
CUST00979,Female,0,55,No,DSL,59.0,3739.79,No
CUST00980,Male,0,28,No,Fiber optic,47.99,1214.17,No
CUST00981,Female,0,22,Yes,No,68.02,1709.05,No
CUST00982,Female,0,6,No,Fiber optic,92.01,596.54,Yes
CUST00983,Male,0,67,Yes,DSL,20.18,1096.75,No
CUST00984,Male,0,22,No,Fiber optic,93.92,1877.04,No
CUST00985,Male,0,14,No,DSL,73.69,1157.07,No
CUST00986,Male,1,4,Yes,DSL,68.83,306.73,Yes
CUST00987,Female,0,42,Yes,No,86.36,3511.87,No
CUST00988,Male,0,8,No,Fiber optic,75.3,639.56,No
CUST00989,Female,1,3,Yes,Fiber optic,92.71,259.15,No
CUST00990,Female,0,0,No,DSL,94.18,,No
CUST00991,Male,0,12,Yes,DSL,71.16,916.02,No
CUST00992,Female,1,9,Yes,Fiber optic,80.13,736.7,No
CUST00993,Male,0,8,Yes,Fiber optic,103.26,843.17,Yes
CUST00994,Male,0,33,Yes,Fiber optic,94.38,2981.35,Yes
CUST00995,Female,1,6,Yes,DSL,62.26,387.5,Yes
CUST00996,Male,0,1,Yes,No,95.75,90.17,Yes
CUST00997,Female,0,16,Yes,DSL,68.75,1237.03,No
CUST00998,Male,0,63,No,DSL,82.11,5040.89,No
CUST00999,Female,0,4,No,DSL,67.25,298.01,No
CUST01000,Male,0,9,No,Fiber optic,73.9,643.9,Yes
